"","gender","race.ethnicity","parental.level.of.education","lunch","test.preparation.course","math.score","reading.score","writing.score","mean.score","aprobado"
"1","female","group B","university","standard","none",0.72,0.72,0.74,0.73,1
"2","female","group C","university","standard","completed",0.69,0.9,0.88,0.82,1
"3","female","group B","university","standard","none",0.9,0.95,0.93,0.93,1
"4","male","group A","university","free/reduced","none",0.47,0.57,0.44,0.49,0
"5","male","group C","university","standard","none",0.76,0.78,0.75,0.76,1
"6","female","group B","university","standard","none",0.71,0.83,0.78,0.77,1
"7","female","group B","university","standard","completed",0.88,0.95,0.92,0.92,1
"8","male","group B","university","free/reduced","none",0.4,0.43,0.39,0.41,0
"9","male","group D","no_university","free/reduced","completed",0.64,0.64,0.67,0.65,1
"10","female","group B","no_university","free/reduced","none",0.38,0.6,0.5,0.49,0
"11","male","group C","university","standard","none",0.58,0.54,0.52,0.55,1
"12","male","group D","university","standard","none",0.4,0.52,0.43,0.45,0
"13","female","group B","no_university","standard","none",0.65,0.81,0.73,0.73,1
"14","male","group A","university","standard","completed",0.78,0.72,0.7,0.73,1
"15","female","group A","university","standard","none",0.5,0.53,0.58,0.54,1
"16","female","group C","no_university","standard","none",0.69,0.75,0.78,0.74,1
"17","male","group C","no_university","standard","none",0.88,0.89,0.86,0.88,1
"18","female","group B","no_university","free/reduced","none",0.18,0.32,0.28,0.26,0
"19","male","group C","university","free/reduced","completed",0.46,0.42,0.46,0.45,0
"20","female","group C","university","free/reduced","none",0.54,0.58,0.61,0.58,1
"21","male","group D","no_university","standard","none",0.66,0.69,0.63,0.66,1
"22","female","group B","university","free/reduced","completed",0.65,0.75,0.7,0.7,1
"23","male","group D","university","standard","none",0.44,0.54,0.53,0.5,1
"24","female","group C","no_university","standard","none",0.69,0.73,0.73,0.72,1
"25","male","group D","university","free/reduced","completed",0.74,0.71,0.8,0.75,1
"26","male","group A","university","free/reduced","none",0.73,0.74,0.72,0.73,1
"27","male","group B","university","standard","none",0.69,0.54,0.55,0.59,1
"28","female","group C","university","standard","none",0.67,0.69,0.75,0.7,1
"29","male","group C","no_university","standard","none",0.7,0.7,0.65,0.68,1
"30","female","group D","university","standard","none",0.62,0.7,0.75,0.69,1
"31","female","group D","university","standard","none",0.69,0.74,0.74,0.72,1
"32","female","group B","university","standard","none",0.63,0.65,0.61,0.63,1
"33","female","group E","university","free/reduced","none",0.56,0.72,0.65,0.64,1
"34","male","group D","university","standard","none",0.4,0.42,0.38,0.4,0
"35","male","group E","university","standard","none",0.97,0.87,0.82,0.89,1
"36","male","group E","university","standard","completed",0.81,0.81,0.79,0.8,1
"37","female","group D","university","standard","none",0.74,0.81,0.83,0.79,1
"38","female","group D","no_university","free/reduced","none",0.5,0.64,0.59,0.58,1
"39","female","group D","university","free/reduced","completed",0.75,0.9,0.88,0.84,1
"40","male","group B","university","free/reduced","none",0.57,0.56,0.57,0.57,1
"41","male","group C","university","free/reduced","none",0.55,0.61,0.54,0.57,1
"42","female","group C","university","standard","none",0.58,0.73,0.68,0.66,1
"43","female","group B","university","standard","none",0.53,0.58,0.65,0.59,1
"44","male","group B","university","free/reduced","completed",0.59,0.65,0.66,0.63,1
"45","female","group E","university","free/reduced","none",0.5,0.56,0.54,0.53,1
"46","male","group B","university","standard","none",0.65,0.54,0.57,0.59,1
"47","female","group A","university","standard","completed",0.55,0.65,0.62,0.61,1
"48","female","group C","no_university","standard","none",0.66,0.71,0.76,0.71,1
"49","female","group D","university","free/reduced","completed",0.57,0.74,0.76,0.69,1
"50","male","group C","no_university","standard","completed",0.82,0.84,0.82,0.83,1
"51","male","group E","university","standard","none",0.53,0.55,0.48,0.52,1
"52","male","group E","university","free/reduced","completed",0.77,0.69,0.68,0.71,1
"53","male","group C","university","standard","none",0.53,0.44,0.42,0.46,0
"54","male","group D","no_university","standard","none",0.88,0.78,0.75,0.8,1
"55","female","group C","no_university","free/reduced","completed",0.71,0.84,0.87,0.81,1
"56","female","group C","no_university","free/reduced","none",0.33,0.41,0.43,0.39,0
"57","female","group E","university","standard","completed",0.82,0.85,0.86,0.84,1
"58","male","group D","university","standard","none",0.52,0.55,0.49,0.52,1
"59","male","group D","university","standard","completed",0.58,0.59,0.58,0.58,1
"60","female","group C","no_university","free/reduced","none",0,0.17,0.1,0.09,0
"61","male","group E","university","free/reduced","completed",0.79,0.74,0.72,0.75,1
"62","male","group A","no_university","free/reduced","none",0.39,0.39,0.34,0.37,0
"63","male","group A","university","free/reduced","none",0.62,0.61,0.55,0.59,1
"64","female","group C","university","standard","none",0.69,0.8,0.71,0.73,1
"65","female","group D","no_university","standard","none",0.59,0.58,0.59,0.59,1
"66","male","group B","no_university","standard","none",0.67,0.64,0.61,0.64,1
"67","male","group D","no_university","free/reduced","none",0.45,0.37,0.37,0.4,0
"68","female","group C","university","standard","none",0.6,0.72,0.74,0.69,1
"69","male","group B","university","free/reduced","none",0.61,0.58,0.56,0.58,1
"70","female","group C","university","standard","none",0.39,0.64,0.57,0.53,1
"71","female","group D","university","free/reduced","completed",0.58,0.63,0.73,0.65,1
"72","male","group D","university","standard","completed",0.63,0.55,0.63,0.6,1
"73","female","group A","university","free/reduced","none",0.41,0.51,0.48,0.47,0
"74","male","group C","no_university","free/reduced","none",0.61,0.57,0.56,0.58,1
"75","male","group C","no_university","standard","none",0.49,0.49,0.41,0.46,0
"76","male","group B","university","free/reduced","none",0.44,0.41,0.38,0.41,0
"77","male","group E","no_university","standard","none",0.3,0.26,0.22,0.26,0
"78","male","group A","university","standard","completed",0.8,0.78,0.81,0.8,1
"79","female","group D","no_university","standard","completed",0.61,0.74,0.72,0.69,1
"80","female","group E","university","standard","none",0.62,0.68,0.68,0.66,1
"81","female","group B","university","standard","none",0.47,0.49,0.5,0.49,0
"82","male","group B","no_university","free/reduced","none",0.49,0.45,0.45,0.46,0
"83","male","group A","university","free/reduced","completed",0.5,0.47,0.54,0.5,1
"84","male","group E","university","standard","none",0.72,0.64,0.63,0.66,1
"85","male","group D","no_university","free/reduced","none",0.42,0.39,0.34,0.38,0
"86","female","group C","university","standard","none",0.73,0.8,0.82,0.78,1
"87","female","group C","university","free/reduced","none",0.76,0.83,0.88,0.82,1
"88","female","group D","university","standard","none",0.71,0.71,0.74,0.72,1
"89","female","group A","university","standard","none",0.58,0.7,0.67,0.65,1
"90","female","group D","no_university","standard","none",0.73,0.86,0.82,0.8,1
"91","female","group C","university","standard","none",0.65,0.72,0.74,0.7,1
"92","male","group C","no_university","free/reduced","none",0.27,0.34,0.36,0.32,0
"93","male","group C","no_university","standard","none",0.71,0.79,0.71,0.74,1
"94","male","group C","university","free/reduced","completed",0.43,0.45,0.5,0.46,0
"95","female","group B","university","standard","none",0.79,0.86,0.92,0.86,1
"96","male","group C","university","free/reduced","completed",0.78,0.81,0.82,0.8,1
"97","male","group B","no_university","standard","completed",0.65,0.66,0.62,0.64,1
"98","female","group E","university","standard","completed",0.63,0.72,0.7,0.68,1
"99","female","group D","university","free/reduced","none",0.58,0.67,0.62,0.62,1
"100","female","group D","university","standard","none",0.65,0.67,0.62,0.65,1
"101","male","group B","university","standard","none",0.79,0.67,0.67,0.71,1
"102","male","group D","university","standard","completed",0.68,0.74,0.74,0.72,1
"103","female","group D","university","standard","none",0.85,0.91,0.89,0.88,1
"104","male","group B","no_university","standard","completed",0.6,0.44,0.47,0.5,1
"105","male","group C","university","standard","completed",0.98,0.86,0.9,0.91,1
"106","female","group C","university","standard","none",0.58,0.67,0.72,0.66,1
"107","female","group D","university","standard","none",0.87,1,1,0.96,1
"108","male","group E","university","standard","completed",0.66,0.63,0.64,0.64,1
"109","female","group B","university","free/reduced","none",0.52,0.76,0.7,0.66,1
"110","female","group B","no_university","standard","none",0.7,0.64,0.72,0.69,1
"111","female","group D","university","free/reduced","completed",0.77,0.89,0.98,0.88,1
"112","male","group C","no_university","standard","none",0.62,0.55,0.49,0.55,1
"113","male","group A","university","standard","none",0.54,0.53,0.47,0.51,1
"114","female","group D","university","standard","none",0.51,0.58,0.54,0.54,1
"115","female","group E","university","standard","completed",0.99,1,1,1,1
"116","male","group C","no_university","standard","none",0.84,0.77,0.74,0.78,1
"117","female","group B","university","free/reduced","none",0.75,0.85,0.82,0.81,1
"118","female","group D","university","standard","none",0.78,0.82,0.79,0.8,1
"119","female","group D","no_university","standard","none",0.51,0.63,0.61,0.58,1
"120","female","group C","university","standard","none",0.55,0.69,0.65,0.63,1
"121","female","group C","university","standard","completed",0.79,0.92,0.89,0.87,1
"122","male","group B","university","standard","completed",0.91,0.89,0.92,0.91,1
"123","female","group C","university","standard","completed",0.88,0.93,0.93,0.91,1
"124","male","group D","no_university","free/reduced","none",0.63,0.57,0.56,0.59,1
"125","male","group E","university","standard","none",0.83,0.8,0.73,0.79,1
"126","female","group B","no_university","standard","none",0.87,0.95,0.86,0.89,1
"127","male","group B","no_university","standard","none",0.72,0.68,0.67,0.69,1
"128","male","group D","university","standard","completed",0.65,0.77,0.74,0.72,1
"129","male","group D","university","standard","none",0.82,0.82,0.74,0.79,1
"130","female","group A","university","standard","none",0.51,0.49,0.51,0.5,1
"131","male","group D","university","standard","none",0.89,0.84,0.82,0.85,1
"132","male","group C","no_university","free/reduced","completed",0.53,0.37,0.4,0.43,0
"133","male","group E","university","free/reduced","completed",0.87,0.74,0.7,0.77,1
"134","female","group C","university","standard","completed",0.75,0.81,0.84,0.8,1
"135","male","group D","university","free/reduced","completed",0.74,0.79,0.75,0.76,1
"136","male","group C","university","standard","none",0.58,0.55,0.48,0.54,1
"137","male","group B","no_university","standard","completed",0.51,0.54,0.41,0.49,0
"138","male","group E","no_university","standard","none",0.7,0.55,0.56,0.6,1
"139","female","group C","university","standard","none",0.59,0.66,0.67,0.64,1
"140","male","group D","university","standard","completed",0.71,0.61,0.69,0.67,1
"141","female","group D","no_university","standard","none",0.76,0.72,0.71,0.73,1
"142","female","group C","university","free/reduced","none",0.59,0.62,0.64,0.62,1
"143","female","group E","university","free/reduced","completed",0.42,0.55,0.54,0.5,1
"144","male","group A","no_university","standard","none",0.57,0.43,0.47,0.49,0
"145","male","group D","university","standard","none",0.88,0.73,0.78,0.8,1
"146","female","group C","university","free/reduced","none",0.22,0.39,0.33,0.31,0
"147","male","group B","no_university","standard","none",0.88,0.84,0.75,0.82,1
"148","male","group C","university","free/reduced","none",0.73,0.68,0.66,0.69,1
"149","female","group D","university","standard","completed",0.68,0.75,0.81,0.75,1
"150","male","group E","university","free/reduced","completed",1,1,0.93,0.98,1
"151","male","group A","no_university","standard","completed",0.62,0.67,0.69,0.66,1
"152","male","group A","university","standard","none",0.77,0.67,0.68,0.71,1
"153","female","group B","university","standard","completed",0.59,0.7,0.66,0.65,1
"154","male","group D","university","standard","none",0.54,0.49,0.47,0.5,1
"155","male","group D","no_university","standard","none",0.62,0.67,0.61,0.63,1
"156","female","group C","university","standard","completed",0.7,0.89,0.88,0.82,1
"157","female","group E","no_university","free/reduced","completed",0.66,0.74,0.78,0.73,1
"158","male","group B","university","free/reduced","none",0.6,0.6,0.6,0.6,1
"159","female","group B","university","standard","completed",0.61,0.86,0.87,0.78,1
"160","male","group D","university","free/reduced","none",0.66,0.62,0.64,0.64,1
"161","male","group B","university","free/reduced","completed",0.82,0.78,0.74,0.78,1
"162","female","group E","university","free/reduced","completed",0.75,0.88,0.85,0.83,1
"163","male","group B","university","free/reduced","none",0.49,0.53,0.52,0.51,1
"164","male","group C","no_university","standard","none",0.52,0.53,0.49,0.51,1
"165","female","group E","university","standard","none",0.81,0.92,0.91,0.88,1
"166","female","group C","university","standard","completed",0.96,1,1,0.99,1
"167","male","group C","no_university","free/reduced","completed",0.53,0.51,0.51,0.52,1
"168","female","group B","university","free/reduced","completed",0.58,0.76,0.78,0.71,1
"169","female","group B","no_university","standard","completed",0.68,0.83,0.78,0.76,1
"170","female","group C","university","free/reduced","completed",0.67,0.75,0.7,0.71,1
"171","male","group A","no_university","standard","completed",0.72,0.73,0.74,0.73,1
"172","male","group E","no_university","standard","none",0.94,0.88,0.78,0.87,1
"173","female","group D","university","standard","none",0.79,0.86,0.81,0.82,1
"174","female","group C","university","standard","none",0.63,0.67,0.7,0.67,1
"175","female","group C","university","free/reduced","completed",0.43,0.51,0.54,0.49,0
"176","female","group C","university","standard","completed",0.81,0.91,0.87,0.86,1
"177","female","group B","no_university","free/reduced","completed",0.46,0.54,0.58,0.53,1
"178","female","group C","university","standard","completed",0.71,0.77,0.77,0.75,1
"179","female","group B","university","free/reduced","completed",0.52,0.7,0.62,0.61,1
"180","female","group D","no_university","standard","completed",0.97,1,1,0.99,1
"181","male","group C","university","free/reduced","completed",0.62,0.68,0.75,0.68,1
"182","female","group C","university","free/reduced","none",0.46,0.64,0.66,0.59,1
"183","female","group E","no_university","standard","none",0.5,0.5,0.47,0.49,0
"184","female","group D","university","standard","none",0.65,0.69,0.7,0.68,1
"185","male","group C","no_university","free/reduced","completed",0.45,0.52,0.49,0.49,0
"186","male","group C","university","free/reduced","completed",0.65,0.67,0.65,0.66,1
"187","male","group E","no_university","standard","none",0.8,0.76,0.65,0.74,1
"188","male","group D","no_university","standard","completed",0.62,0.66,0.68,0.65,1
"189","male","group B","no_university","free/reduced","none",0.48,0.52,0.45,0.48,0
"190","female","group C","university","standard","none",0.77,0.88,0.87,0.84,1
"191","female","group E","university","standard","none",0.66,0.65,0.69,0.67,1
"192","male","group D","university","standard","completed",0.76,0.83,0.79,0.79,1
"193","female","group B","no_university","standard","none",0.62,0.64,0.66,0.64,1
"194","male","group D","university","standard","completed",0.77,0.62,0.62,0.67,1
"195","female","group C","university","standard","completed",0.69,0.84,0.85,0.79,1
"196","male","group D","university","standard","none",0.61,0.55,0.52,0.56,1
"197","male","group C","no_university","free/reduced","completed",0.59,0.69,0.65,0.64,1
"198","male","group E","no_university","free/reduced","none",0.55,0.56,0.51,0.54,1
"199","female","group B","university","free/reduced","none",0.45,0.53,0.55,0.51,1
"200","female","group B","university","free/reduced","none",0.78,0.79,0.76,0.78,1
"201","female","group C","university","standard","completed",0.67,0.84,0.86,0.79,1
"202","female","group D","university","free/reduced","none",0.65,0.81,0.77,0.74,1
"203","male","group C","university","standard","none",0.69,0.77,0.69,0.72,1
"204","female","group B","university","standard","none",0.57,0.69,0.68,0.65,1
"205","male","group C","university","standard","none",0.59,0.41,0.42,0.47,0
"206","male","group D","no_university","standard","completed",0.74,0.71,0.78,0.74,1
"207","male","group E","university","standard","none",0.82,0.62,0.62,0.69,1
"208","male","group E","no_university","standard","completed",0.81,0.8,0.76,0.79,1
"209","female","group B","university","free/reduced","none",0.74,0.81,0.76,0.77,1
"210","female","group B","university","free/reduced","none",0.58,0.61,0.66,0.62,1
"211","male","group D","no_university","free/reduced","completed",0.8,0.79,0.79,0.79,1
"212","male","group C","university","free/reduced","none",0.35,0.28,0.27,0.3,0
"213","female","group C","no_university","free/reduced","none",0.42,0.62,0.6,0.55,1
"214","male","group C","university","free/reduced","completed",0.6,0.51,0.56,0.56,1
"215","male","group E","no_university","standard","completed",0.87,0.91,0.81,0.86,1
"216","male","group B","no_university","standard","completed",0.84,0.83,0.75,0.81,1
"217","female","group E","university","free/reduced","completed",0.83,0.86,0.88,0.86,1
"218","female","group C","no_university","free/reduced","none",0.34,0.42,0.39,0.38,0
"219","male","group B","no_university","free/reduced","none",0.66,0.77,0.7,0.71,1
"220","male","group B","no_university","standard","completed",0.61,0.56,0.56,0.58,1
"221","female","group D","no_university","standard","completed",0.56,0.68,0.74,0.66,1
"222","male","group B","university","standard","none",0.87,0.85,0.73,0.82,1
"223","female","group C","no_university","free/reduced","none",0.55,0.65,0.62,0.61,1
"224","male","group D","no_university","standard","none",0.86,0.8,0.75,0.8,1
"225","female","group B","university","standard","completed",0.52,0.66,0.73,0.64,1
"226","female","group E","university","free/reduced","none",0.45,0.56,0.54,0.52,1
"227","female","group C","university","standard","none",0.72,0.72,0.71,0.72,1
"228","male","group D","no_university","standard","none",0.57,0.5,0.54,0.54,1
"229","male","group A","no_university","free/reduced","none",0.68,0.72,0.64,0.68,1
"230","female","group C","university","standard","completed",0.88,0.95,0.94,0.92,1
"231","male","group D","university","standard","none",0.76,0.64,0.66,0.69,1
"232","male","group C","university","standard","none",0.46,0.43,0.42,0.44,0
"233","female","group B","university","standard","none",0.67,0.86,0.83,0.79,1
"234","male","group E","no_university","standard","none",0.92,0.87,0.78,0.86,1
"235","male","group C","university","standard","completed",0.83,0.82,0.84,0.83,1
"236","male","group D","university","standard","none",0.8,0.75,0.77,0.77,1
"237","male","group D","university","free/reduced","none",0.63,0.66,0.67,0.65,1
"238","female","group D","no_university","standard","completed",0.64,0.6,0.74,0.66,1
"239","male","group B","university","standard","none",0.54,0.52,0.51,0.52,1
"240","male","group C","university","standard","none",0.84,0.8,0.8,0.81,1
"241","male","group D","no_university","free/reduced","completed",0.73,0.68,0.66,0.69,1
"242","female","group E","university","standard","none",0.8,0.83,0.83,0.82,1
"243","female","group D","no_university","standard","none",0.56,0.52,0.55,0.54,1
"244","male","group E","university","standard","none",0.59,0.51,0.43,0.51,1
"245","male","group D","no_university","standard","none",0.75,0.74,0.69,0.73,1
"246","male","group C","university","standard","none",0.85,0.76,0.71,0.77,1
"247","male","group E","university","standard","none",0.89,0.76,0.74,0.8,1
"248","female","group B","no_university","standard","completed",0.58,0.7,0.68,0.65,1
"249","female","group B","no_university","standard","none",0.65,0.64,0.62,0.64,1
"250","male","group C","no_university","standard","none",0.68,0.6,0.53,0.6,1
"251","male","group A","no_university","standard","completed",0.47,0.49,0.49,0.48,0
"252","female","group D","university","free/reduced","none",0.71,0.83,0.83,0.79,1
"253","female","group B","no_university","standard","completed",0.6,0.7,0.7,0.67,1
"254","male","group D","university","standard","none",0.8,0.8,0.72,0.77,1
"255","male","group D","no_university","standard","none",0.54,0.52,0.52,0.53,1
"256","female","group E","university","standard","none",0.62,0.73,0.7,0.68,1
"257","female","group C","university","free/reduced","none",0.64,0.73,0.68,0.68,1
"258","male","group C","university","standard","completed",0.78,0.77,0.77,0.77,1
"259","female","group B","university","standard","none",0.7,0.75,0.78,0.74,1
"260","female","group C","university","free/reduced","completed",0.65,0.81,0.81,0.76,1
"261","female","group C","no_university","free/reduced","completed",0.64,0.79,0.77,0.73,1
"262","male","group C","university","standard","completed",0.79,0.79,0.78,0.79,1
"263","female","group C","no_university","free/reduced","none",0.44,0.5,0.51,0.48,0
"264","female","group E","no_university","standard","none",0.99,0.93,0.9,0.94,1
"265","male","group D","no_university","standard","none",0.76,0.73,0.68,0.72,1
"266","male","group D","no_university","free/reduced","none",0.59,0.42,0.41,0.47,0
"267","female","group C","university","standard","none",0.63,0.75,0.81,0.73,1
"268","female","group D","no_university","standard","none",0.69,0.72,0.77,0.73,1
"269","female","group D","university","standard","completed",0.88,0.92,0.95,0.92,1
"270","female","group E","university","free/reduced","none",0.71,0.76,0.7,0.72,1
"271","male","group C","university","standard","none",0.69,0.63,0.61,0.64,1
"272","male","group C","university","standard","none",0.58,0.49,0.42,0.5,0
"273","female","group D","university","free/reduced","none",0.47,0.53,0.58,0.53,1
"274","female","group D","university","standard","none",0.65,0.7,0.71,0.69,1
"275","male","group B","university","standard","completed",0.88,0.85,0.76,0.83,1
"276","male","group C","university","standard","none",0.83,0.78,0.73,0.78,1
"277","female","group C","no_university","standard","completed",0.85,0.92,0.93,0.9,1
"278","female","group E","no_university","standard","completed",0.59,0.63,0.75,0.66,1
"279","female","group C","no_university","free/reduced","none",0.65,0.86,0.8,0.77,1
"280","male","group B","university","free/reduced","none",0.73,0.56,0.57,0.62,1
"281","male","group D","no_university","standard","none",0.53,0.52,0.42,0.49,0
"282","male","group D","no_university","standard","none",0.45,0.48,0.46,0.46,0
"283","female","group D","university","free/reduced","none",0.73,0.79,0.84,0.79,1
"284","female","group D","university","free/reduced","completed",0.7,0.78,0.78,0.75,1
"285","female","group B","no_university","standard","none",0.37,0.46,0.46,0.43,0
"286","male","group B","university","standard","completed",0.81,0.82,0.82,0.82,1
"287","male","group E","university","standard","completed",0.97,0.82,0.88,0.89,1
"288","female","group B","no_university","standard","none",0.67,0.89,0.82,0.79,1
"289","male","group B","university","free/reduced","none",0.88,0.75,0.76,0.8,1
"290","male","group E","no_university","standard","completed",0.77,0.76,0.77,0.77,1
"291","male","group C","university","standard","none",0.76,0.7,0.68,0.71,1
"292","male","group D","no_university","standard","none",0.86,0.73,0.7,0.76,1
"293","male","group C","no_university","standard","completed",0.63,0.6,0.57,0.6,1
"294","female","group E","university","standard","none",0.65,0.73,0.75,0.71,1
"295","male","group D","no_university","free/reduced","completed",0.78,0.77,0.8,0.78,1
"296","male","group B","university","free/reduced","none",0.67,0.62,0.6,0.63,1
"297","male","group A","no_university","standard","completed",0.46,0.41,0.43,0.43,0
"298","male","group E","university","standard","completed",0.71,0.74,0.68,0.71,1
"299","male","group C","no_university","free/reduced","completed",0.4,0.46,0.5,0.45,0
"300","male","group D","university","free/reduced","none",0.9,0.87,0.75,0.84,1
"301","male","group A","university","free/reduced","completed",0.81,0.78,0.81,0.8,1
"302","male","group D","no_university","free/reduced","none",0.56,0.54,0.52,0.54,1
"303","female","group C","university","standard","completed",0.67,0.84,0.81,0.77,1
"304","male","group B","university","standard","none",0.8,0.76,0.64,0.73,1
"305","female","group C","university","standard","completed",0.74,0.75,0.83,0.77,1
"306","male","group A","university","standard","none",0.69,0.67,0.69,0.68,1
"307","male","group E","university","standard","completed",0.99,0.87,0.81,0.89,1
"308","male","group C","no_university","standard","none",0.51,0.52,0.44,0.49,0
"309","female","group B","university","free/reduced","none",0.53,0.71,0.67,0.64,1
"310","female","group D","no_university","free/reduced","none",0.49,0.57,0.52,0.53,1
"311","female","group B","university","standard","none",0.73,0.76,0.8,0.76,1
"312","male","group B","university","standard","none",0.66,0.6,0.57,0.61,1
"313","male","group D","university","standard","completed",0.67,0.61,0.68,0.65,1
"314","female","group C","university","free/reduced","completed",0.68,0.67,0.69,0.68,1
"315","female","group C","university","standard","completed",0.59,0.64,0.75,0.66,1
"316","male","group C","no_university","standard","none",0.71,0.66,0.65,0.67,1
"317","female","group D","university","standard","completed",0.77,0.82,0.91,0.83,1
"318","male","group C","university","standard","none",0.83,0.72,0.78,0.78,1
"319","male","group B","university","standard","none",0.63,0.71,0.69,0.68,1
"320","female","group D","university","free/reduced","none",0.56,0.65,0.63,0.61,1
"321","female","group C","no_university","free/reduced","completed",0.67,0.79,0.84,0.77,1
"322","female","group E","no_university","standard","none",0.75,0.86,0.79,0.8,1
"323","female","group C","university","standard","none",0.71,0.81,0.8,0.77,1
"324","female","group C","no_university","free/reduced","none",0.43,0.53,0.53,0.5,0
"325","female","group C","no_university","free/reduced","none",0.41,0.46,0.43,0.43,0
"326","female","group C","university","standard","none",0.82,0.9,0.94,0.89,1
"327","male","group C","university","standard","none",0.61,0.61,0.62,0.61,1
"328","male","group A","university","free/reduced","none",0.28,0.23,0.19,0.23,0
"329","male","group C","university","standard","completed",0.82,0.75,0.77,0.78,1
"330","female","group B","no_university","standard","none",0.41,0.55,0.51,0.49,0
"331","male","group C","no_university","standard","none",0.71,0.6,0.61,0.64,1
"332","male","group C","university","standard","none",0.47,0.37,0.35,0.4,0
"333","male","group E","university","standard","completed",0.62,0.56,0.53,0.57,1
"334","male","group B","university","standard","none",0.9,0.78,0.81,0.83,1
"335","female","group C","university","standard","none",0.83,0.93,0.95,0.9,1
"336","female","group B","university","free/reduced","none",0.61,0.68,0.66,0.65,1
"337","male","group D","no_university","standard","completed",0.76,0.7,0.69,0.72,1
"338","male","group C","university","standard","none",0.49,0.51,0.43,0.48,0
"339","female","group B","no_university","free/reduced","none",0.24,0.38,0.27,0.3,0
"340","female","group D","no_university","free/reduced","completed",0.35,0.55,0.6,0.5,1
"341","male","group C","no_university","free/reduced","none",0.58,0.61,0.52,0.57,1
"342","female","group C","no_university","standard","none",0.61,0.73,0.63,0.66,1
"343","female","group B","no_university","standard","completed",0.69,0.76,0.74,0.73,1
"344","male","group D","university","standard","completed",0.67,0.72,0.67,0.69,1
"345","male","group D","university","standard","none",0.79,0.73,0.67,0.73,1
"346","female","group C","no_university","standard","none",0.72,0.8,0.75,0.76,1
"347","male","group B","university","standard","none",0.62,0.61,0.57,0.6,1
"348","female","group C","university","standard","completed",0.77,0.94,0.95,0.89,1
"349","male","group D","no_university","free/reduced","none",0.75,0.74,0.66,0.72,1
"350","male","group E","university","standard","none",0.87,0.74,0.76,0.79,1
"351","female","group B","university","standard","none",0.52,0.65,0.69,0.62,1
"352","male","group E","university","standard","none",0.66,0.57,0.52,0.58,1
"353","female","group C","university","standard","completed",0.63,0.78,0.8,0.74,1
"354","female","group C","university","standard","none",0.46,0.58,0.57,0.54,1
"355","female","group C","university","standard","none",0.59,0.71,0.7,0.67,1
"356","female","group B","university","standard","none",0.61,0.72,0.7,0.68,1
"357","male","group A","university","standard","none",0.63,0.61,0.61,0.62,1
"358","female","group C","university","free/reduced","completed",0.42,0.66,0.69,0.59,1
"359","male","group D","university","free/reduced","none",0.59,0.62,0.61,0.61,1
"360","female","group D","university","standard","none",0.8,0.9,0.89,0.86,1
"361","female","group B","no_university","standard","none",0.58,0.62,0.59,0.6,1
"362","male","group B","no_university","standard","completed",0.85,0.84,0.78,0.82,1
"363","female","group C","university","standard","none",0.52,0.58,0.58,0.56,1
"364","female","group D","no_university","free/reduced","none",0.27,0.34,0.32,0.31,0
"365","male","group C","university","standard","none",0.59,0.6,0.58,0.59,1
"366","male","group A","university","free/reduced","completed",0.49,0.58,0.6,0.56,1
"367","male","group C","no_university","standard","completed",0.69,0.58,0.53,0.6,1
"368","male","group C","university","free/reduced","none",0.61,0.66,0.61,0.63,1
"369","female","group A","no_university","free/reduced","none",0.44,0.64,0.58,0.55,1
"370","female","group D","no_university","standard","none",0.73,0.84,0.85,0.81,1
"371","male","group E","university","standard","none",0.84,0.77,0.71,0.77,1
"372","female","group C","university","free/reduced","completed",0.45,0.73,0.7,0.63,1
"373","male","group D","no_university","standard","none",0.74,0.74,0.72,0.73,1
"374","female","group D","university","standard","completed",0.82,0.97,0.96,0.92,1
"375","female","group D","university","standard","none",0.59,0.7,0.73,0.67,1
"376","male","group E","university","free/reduced","none",0.46,0.43,0.41,0.43,0
"377","female","group D","no_university","standard","none",0.8,0.9,0.82,0.84,1
"378","female","group D","university","free/reduced","completed",0.85,0.95,1,0.93,1
"379","female","group A","no_university","standard","none",0.71,0.83,0.77,0.77,1
"380","male","group A","university","standard","none",0.66,0.64,0.62,0.64,1
"381","female","group B","university","standard","none",0.8,0.86,0.83,0.83,1
"382","male","group C","university","standard","completed",0.87,1,0.95,0.94,1
"383","male","group C","university","free/reduced","none",0.79,0.81,0.71,0.77,1
"384","female","group E","no_university","free/reduced","none",0.38,0.49,0.45,0.44,0
"385","female","group A","no_university","free/reduced","none",0.38,0.43,0.43,0.41,0
"386","female","group E","university","standard","none",0.67,0.76,0.75,0.73,1
"387","female","group E","university","standard","none",0.64,0.73,0.7,0.69,1
"388","female","group C","university","free/reduced","none",0.57,0.78,0.67,0.67,1
"389","female","group D","no_university","standard","none",0.62,0.64,0.64,0.63,1
"390","male","group D","university","standard","none",0.73,0.7,0.75,0.73,1
"391","male","group E","no_university","free/reduced","completed",0.73,0.67,0.59,0.66,1
"392","female","group D","university","standard","none",0.77,0.68,0.77,0.74,1
"393","male","group E","university","standard","none",0.76,0.67,0.67,0.7,1
"394","male","group C","university","standard","completed",0.57,0.54,0.56,0.56,1
"395","female","group C","no_university","standard","completed",0.65,0.74,0.77,0.72,1
"396","male","group A","no_university","free/reduced","none",0.48,0.45,0.41,0.45,0
"397","female","group B","no_university","free/reduced","none",0.5,0.67,0.63,0.6,1
"398","female","group C","university","standard","none",0.85,0.89,0.95,0.9,1
"399","male","group B","no_university","standard","none",0.74,0.63,0.57,0.65,1
"400","male","group D","no_university","standard","none",0.6,0.59,0.54,0.58,1
"401","female","group C","no_university","standard","completed",0.59,0.54,0.67,0.6,1
"402","male","group A","university","standard","none",0.53,0.43,0.43,0.46,0
"403","female","group A","university","free/reduced","none",0.49,0.65,0.55,0.56,1
"404","female","group D","no_university","standard","completed",0.88,0.99,1,0.96,1
"405","female","group C","no_university","standard","none",0.54,0.59,0.62,0.58,1
"406","female","group C","no_university","standard","none",0.63,0.73,0.68,0.68,1
"407","male","group B","university","standard","completed",0.65,0.65,0.63,0.64,1
"408","female","group B","university","standard","none",0.82,0.8,0.77,0.8,1
"409","female","group D","no_university","free/reduced","completed",0.52,0.57,0.56,0.55,1
"410","male","group D","university","standard","completed",0.87,0.84,0.85,0.85,1
"411","female","group D","university","standard","completed",0.7,0.71,0.74,0.72,1
"412","male","group E","university","standard","completed",0.84,0.83,0.78,0.82,1
"413","male","group D","university","standard","none",0.71,0.66,0.6,0.66,1
"414","male","group B","no_university","standard","completed",0.63,0.67,0.67,0.66,1
"415","female","group C","university","free/reduced","completed",0.51,0.72,0.79,0.67,1
"416","male","group E","no_university","standard","none",0.84,0.73,0.69,0.75,1
"417","male","group C","university","standard","completed",0.71,0.74,0.68,0.71,1
"418","male","group C","university","standard","none",0.74,0.73,0.67,0.71,1
"419","male","group D","university","standard","none",0.68,0.59,0.62,0.63,1
"420","male","group E","no_university","free/reduced","completed",0.57,0.56,0.54,0.56,1
"421","female","group C","university","free/reduced","completed",0.82,0.93,0.93,0.89,1
"422","female","group D","no_university","standard","completed",0.57,0.58,0.64,0.6,1
"423","female","group D","university","free/reduced","completed",0.47,0.58,0.67,0.57,1
"424","female","group A","no_university","standard","completed",0.59,0.85,0.8,0.75,1
"425","male","group B","university","free/reduced","none",0.41,0.39,0.34,0.38,0
"426","female","group C","university","free/reduced","none",0.62,0.67,0.62,0.64,1
"427","male","group C","university","standard","none",0.86,0.83,0.86,0.85,1
"428","male","group C","no_university","free/reduced","none",0.69,0.71,0.65,0.68,1
"429","male","group A","no_university","free/reduced","none",0.65,0.59,0.53,0.59,1
"430","male","group C","no_university","free/reduced","none",0.68,0.63,0.54,0.62,1
"431","male","group C","university","free/reduced","none",0.64,0.66,0.59,0.63,1
"432","female","group C","no_university","standard","none",0.61,0.72,0.7,0.68,1
"433","male","group C","no_university","standard","none",0.61,0.56,0.55,0.57,1
"434","female","group A","no_university","free/reduced","none",0.47,0.59,0.5,0.52,1
"435","male","group C","no_university","standard","none",0.73,0.66,0.66,0.68,1
"436","male","group C","university","free/reduced","completed",0.5,0.48,0.53,0.5,1
"437","male","group D","university","standard","none",0.75,0.68,0.64,0.69,1
"438","male","group D","university","free/reduced","none",0.75,0.66,0.73,0.71,1
"439","male","group C","no_university","standard","none",0.7,0.56,0.51,0.59,1
"440","male","group D","no_university","standard","completed",0.89,0.88,0.82,0.86,1
"441","female","group C","university","standard","completed",0.67,0.81,0.79,0.76,1
"442","female","group D","no_university","standard","none",0.78,0.81,0.8,0.8,1
"443","female","group A","no_university","free/reduced","none",0.59,0.73,0.69,0.67,1
"444","female","group B","university","standard","none",0.73,0.83,0.76,0.77,1
"445","male","group A","no_university","free/reduced","none",0.79,0.82,0.73,0.78,1
"446","female","group C","no_university","standard","completed",0.67,0.74,0.77,0.73,1
"447","male","group D","university","free/reduced","none",0.69,0.66,0.6,0.65,1
"448","male","group C","no_university","standard","completed",0.86,0.81,0.8,0.82,1
"449","male","group B","no_university","standard","none",0.47,0.46,0.42,0.45,0
"450","male","group B","university","standard","none",0.81,0.73,0.72,0.75,1
"451","female","group C","university","free/reduced","completed",0.64,0.85,0.85,0.78,1
"452","female","group E","university","standard","none",1,0.92,0.97,0.96,1
"453","female","group C","university","free/reduced","none",0.65,0.77,0.74,0.72,1
"454","male","group C","university","free/reduced","none",0.65,0.58,0.49,0.57,1
"455","female","group C","university","free/reduced","none",0.53,0.61,0.62,0.59,1
"456","male","group C","university","free/reduced","none",0.37,0.56,0.47,0.47,0
"457","female","group D","university","standard","none",0.79,0.89,0.89,0.86,1
"458","male","group D","university","free/reduced","none",0.53,0.54,0.48,0.52,1
"459","female","group E","university","standard","none",1,1,1,1,1
"460","male","group B","no_university","standard","completed",0.72,0.65,0.68,0.68,1
"461","male","group C","university","free/reduced","none",0.53,0.58,0.55,0.55,1
"462","male","group B","university","free/reduced","none",0.54,0.54,0.45,0.51,1
"463","female","group E","university","standard","none",0.71,0.7,0.76,0.72,1
"464","female","group C","university","free/reduced","none",0.77,0.9,0.91,0.86,1
"465","male","group A","university","standard","completed",0.75,0.58,0.62,0.65,1
"466","female","group C","university","standard","none",0.84,0.87,0.91,0.87,1
"467","female","group D","university","free/reduced","none",0.26,0.31,0.38,0.32,0
"468","male","group A","no_university","free/reduced","completed",0.72,0.67,0.65,0.68,1
"469","female","group A","no_university","free/reduced","completed",0.77,0.88,0.85,0.83,1
"470","male","group C","university","standard","none",0.91,0.74,0.76,0.8,1
"471","female","group C","university","standard","completed",0.83,0.85,0.9,0.86,1
"472","female","group C","no_university","standard","none",0.63,0.69,0.74,0.69,1
"473","female","group C","university","standard","completed",0.68,0.86,0.84,0.79,1
"474","female","group D","no_university","standard","none",0.59,0.67,0.61,0.62,1
"475","female","group B","university","standard","completed",0.9,0.9,0.91,0.9,1
"476","female","group D","university","standard","completed",0.71,0.76,0.83,0.77,1
"477","male","group E","university","standard","completed",0.76,0.62,0.66,0.68,1
"478","male","group D","university","standard","none",0.8,0.68,0.72,0.73,1
"479","female","group D","university","standard","none",0.55,0.64,0.7,0.63,1
"480","male","group E","university","standard","none",0.76,0.71,0.67,0.71,1
"481","male","group B","no_university","standard","completed",0.73,0.71,0.68,0.71,1
"482","female","group D","university","free/reduced","none",0.52,0.59,0.56,0.56,1
"483","male","group C","university","free/reduced","none",0.68,0.68,0.61,0.66,1
"484","male","group A","no_university","standard","none",0.59,0.52,0.46,0.52,1
"485","female","group B","university","standard","none",0.49,0.52,0.54,0.52,1
"486","male","group C","no_university","standard","none",0.7,0.74,0.71,0.72,1
"487","male","group D","university","free/reduced","none",0.61,0.47,0.56,0.55,1
"488","female","group C","university","free/reduced","none",0.6,0.75,0.74,0.7,1
"489","male","group B","no_university","standard","completed",0.64,0.53,0.57,0.58,1
"490","male","group A","university","free/reduced","completed",0.79,0.82,0.82,0.81,1
"491","female","group A","university","free/reduced","none",0.65,0.85,0.76,0.75,1
"492","female","group C","university","standard","none",0.64,0.64,0.7,0.66,1
"493","female","group C","university","standard","none",0.83,0.83,0.9,0.85,1
"494","female","group C","university","standard","none",0.81,0.88,0.9,0.86,1
"495","female","group B","no_university","standard","none",0.54,0.64,0.68,0.62,1
"496","male","group D","no_university","standard","completed",0.68,0.64,0.66,0.66,1
"497","female","group C","university","standard","none",0.54,0.48,0.52,0.51,1
"498","female","group D","university","free/reduced","completed",0.59,0.78,0.76,0.71,1
"499","female","group B","no_university","standard","none",0.66,0.69,0.68,0.68,1
"500","male","group E","university","standard","none",0.76,0.71,0.72,0.73,1
"501","female","group D","university","standard","none",0.74,0.79,0.82,0.78,1
"502","female","group B","university","standard","completed",0.94,0.87,0.92,0.91,1
"503","male","group C","university","free/reduced","none",0.63,0.61,0.54,0.59,1
"504","female","group E","university","standard","completed",0.95,0.89,0.92,0.92,1
"505","female","group D","university","free/reduced","none",0.4,0.59,0.54,0.51,1
"506","female","group B","no_university","standard","none",0.82,0.82,0.8,0.81,1
"507","male","group A","no_university","standard","none",0.68,0.7,0.66,0.68,1
"508","male","group B","university","free/reduced","none",0.55,0.59,0.54,0.56,1
"509","male","group C","university","standard","none",0.79,0.78,0.77,0.78,1
"510","female","group C","university","standard","none",0.86,0.92,0.87,0.88,1
"511","male","group D","university","standard","none",0.76,0.71,0.73,0.73,1
"512","male","group A","no_university","standard","none",0.64,0.5,0.43,0.52,1
"513","male","group D","no_university","free/reduced","none",0.62,0.49,0.52,0.54,1
"514","female","group B","no_university","standard","completed",0.54,0.61,0.62,0.59,1
"515","female","group B","university","free/reduced","completed",0.77,0.97,0.94,0.89,1
"516","female","group C","no_university","standard","completed",0.76,0.87,0.85,0.83,1
"517","female","group D","university","standard","none",0.74,0.89,0.84,0.82,1
"518","female","group E","university","standard","completed",0.66,0.74,0.73,0.71,1
"519","female","group D","no_university","standard","completed",0.66,0.78,0.78,0.74,1
"520","female","group B","no_university","free/reduced","completed",0.67,0.78,0.79,0.75,1
"521","male","group D","university","standard","none",0.71,0.49,0.52,0.57,1
"522","female","group C","university","standard","none",0.91,0.86,0.84,0.87,1
"523","male","group D","university","standard","none",0.69,0.58,0.57,0.61,1
"524","male","group C","university","free/reduced","none",0.54,0.59,0.5,0.54,1
"525","male","group C","no_university","standard","completed",0.53,0.52,0.49,0.51,1
"526","male","group E","university","standard","none",0.68,0.6,0.59,0.62,1
"527","male","group C","no_university","free/reduced","completed",0.56,0.61,0.6,0.59,1
"528","female","group C","no_university","free/reduced","none",0.36,0.53,0.43,0.44,0
"529","female","group D","university","free/reduced","none",0.29,0.41,0.47,0.39,0
"530","female","group C","university","standard","none",0.62,0.74,0.7,0.69,1
"531","female","group C","university","standard","completed",0.68,0.67,0.73,0.69,1
"532","female","group C","no_university","standard","none",0.47,0.54,0.53,0.51,1
"533","male","group E","university","standard","completed",0.62,0.61,0.58,0.6,1
"534","female","group E","university","standard","completed",0.79,0.88,0.94,0.87,1
"535","male","group B","no_university","standard","completed",0.73,0.69,0.68,0.7,1
"536","female","group C","university","free/reduced","completed",0.66,0.83,0.83,0.77,1
"537","male","group C","university","standard","completed",0.51,0.6,0.58,0.56,1
"538","female","group D","no_university","standard","none",0.51,0.66,0.62,0.6,1
"539","male","group E","university","standard","completed",0.85,0.66,0.71,0.74,1
"540","male","group A","university","standard","completed",0.97,0.92,0.86,0.92,1
"541","male","group C","no_university","standard","completed",0.75,0.69,0.68,0.71,1
"542","male","group D","university","free/reduced","completed",0.79,0.82,0.8,0.8,1
"543","female","group C","university","standard","none",0.81,0.77,0.79,0.79,1
"544","female","group D","university","standard","none",0.82,0.95,0.89,0.89,1
"545","female","group D","university","standard","none",0.64,0.63,0.66,0.64,1
"546","male","group E","no_university","free/reduced","completed",0.78,0.83,0.8,0.8,1
"547","female","group A","no_university","standard","completed",0.92,1,0.97,0.96,1
"548","male","group C","no_university","standard","completed",0.72,0.67,0.64,0.68,1
"549","female","group C","no_university","free/reduced","none",0.62,0.67,0.64,0.64,1
"550","male","group C","university","standard","none",0.79,0.72,0.69,0.73,1
"551","male","group C","no_university","free/reduced","none",0.79,0.76,0.65,0.73,1
"552","male","group B","university","free/reduced","completed",0.87,0.9,0.88,0.88,1
"553","female","group B","university","standard","none",0.4,0.48,0.5,0.46,0
"554","male","group D","university","free/reduced","none",0.77,0.62,0.64,0.68,1
"555","male","group E","university","standard","none",0.53,0.45,0.4,0.46,0
"556","female","group C","university","free/reduced","none",0.32,0.39,0.33,0.35,0
"557","female","group C","university","standard","completed",0.55,0.72,0.79,0.69,1
"558","male","group C","university","free/reduced","none",0.61,0.67,0.66,0.65,1
"559","female","group B","university","free/reduced","none",0.53,0.7,0.7,0.64,1
"560","male","group D","no_university","standard","none",0.73,0.66,0.62,0.67,1
"561","female","group D","university","standard","completed",0.74,0.75,0.79,0.76,1
"562","female","group C","university","standard","none",0.63,0.74,0.74,0.7,1
"563","male","group C","university","standard","completed",0.96,0.9,0.92,0.93,1
"564","female","group D","university","free/reduced","completed",0.63,0.8,0.8,0.74,1
"565","male","group B","university","free/reduced","none",0.48,0.51,0.46,0.48,0
"566","male","group B","university","standard","none",0.48,0.43,0.45,0.45,0
"567","female","group E","university","free/reduced","completed",0.92,1,1,0.97,1
"568","female","group D","university","free/reduced","completed",0.61,0.71,0.78,0.7,1
"569","male","group B","no_university","free/reduced","none",0.63,0.48,0.47,0.53,1
"570","male","group D","university","free/reduced","none",0.68,0.68,0.67,0.68,1
"571","male","group B","university","standard","completed",0.71,0.75,0.7,0.72,1
"572","male","group A","university","standard","none",0.91,0.96,0.92,0.93,1
"573","female","group C","university","standard","none",0.53,0.62,0.56,0.57,1
"574","female","group C","no_university","free/reduced","completed",0.5,0.66,0.64,0.6,1
"575","female","group E","no_university","standard","none",0.74,0.81,0.71,0.75,1
"576","male","group A","university","free/reduced","completed",0.4,0.55,0.53,0.49,0
"577","male","group A","university","standard","completed",0.61,0.51,0.52,0.55,1
"578","female","group B","no_university","standard","none",0.81,0.91,0.89,0.87,1
"579","female","group B","university","free/reduced","completed",0.48,0.56,0.58,0.54,1
"580","female","group D","university","standard","none",0.53,0.61,0.68,0.61,1
"581","female","group D","no_university","standard","none",0.81,0.97,0.96,0.91,1
"582","female","group E","no_university","standard","none",0.77,0.79,0.8,0.79,1
"583","female","group D","university","free/reduced","none",0.63,0.73,0.78,0.71,1
"584","female","group D","university","standard","completed",0.73,0.75,0.8,0.76,1
"585","female","group D","university","standard","none",0.69,0.77,0.77,0.74,1
"586","female","group C","university","standard","none",0.65,0.76,0.76,0.72,1
"587","female","group A","no_university","standard","none",0.55,0.73,0.73,0.67,1
"588","female","group C","university","free/reduced","none",0.44,0.63,0.62,0.56,1
"589","female","group C","university","standard","none",0.54,0.64,0.65,0.61,1
"590","female","group A","no_university","standard","none",0.48,0.66,0.65,0.6,1
"591","male","group C","university","free/reduced","none",0.58,0.57,0.54,0.56,1
"592","male","group A","no_university","standard","none",0.71,0.62,0.5,0.61,1
"593","male","group E","university","standard","none",0.68,0.68,0.64,0.67,1
"594","female","group E","no_university","standard","none",0.74,0.76,0.73,0.74,1
"595","female","group C","university","standard","completed",0.92,1,0.99,0.97,1
"596","female","group C","university","standard","completed",0.56,0.79,0.72,0.69,1
"597","male","group B","no_university","free/reduced","none",0.3,0.24,0.15,0.23,0
"598","male","group A","no_university","standard","none",0.53,0.54,0.48,0.52,1
"599","female","group D","no_university","standard","none",0.69,0.77,0.73,0.73,1
"600","female","group D","no_university","standard","none",0.65,0.82,0.81,0.76,1
"601","female","group D","university","standard","none",0.54,0.6,0.63,0.59,1
"602","female","group C","no_university","standard","none",0.29,0.29,0.3,0.29,0
"603","female","group E","university","standard","none",0.76,0.78,0.8,0.78,1
"604","male","group D","no_university","free/reduced","none",0.6,0.57,0.51,0.56,1
"605","male","group D","university","free/reduced","completed",0.84,0.89,0.9,0.88,1
"606","male","group C","no_university","standard","none",0.75,0.72,0.62,0.7,1
"607","female","group C","university","standard","none",0.85,0.84,0.82,0.84,1
"608","female","group C","university","free/reduced","none",0.4,0.58,0.54,0.51,1
"609","female","group E","university","standard","none",0.61,0.64,0.62,0.62,1
"610","female","group B","university","standard","none",0.58,0.63,0.65,0.62,1
"611","male","group D","university","free/reduced","completed",0.69,0.6,0.63,0.64,1
"612","female","group C","university","standard","none",0.58,0.59,0.66,0.61,1
"613","male","group C","university","standard","completed",0.94,0.9,0.91,0.92,1
"614","female","group C","university","standard","none",0.65,0.77,0.74,0.72,1
"615","female","group A","university","standard","none",0.82,0.93,0.93,0.89,1
"616","female","group C","no_university","standard","none",0.6,0.68,0.72,0.67,1
"617","female","group E","university","standard","none",0.37,0.45,0.38,0.4,0
"618","male","group D","university","standard","none",0.88,0.78,0.83,0.83,1
"619","male","group D","university","standard","none",0.95,0.81,0.84,0.87,1
"620","male","group C","university","free/reduced","completed",0.65,0.73,0.68,0.69,1
"621","female","group C","no_university","free/reduced","none",0.35,0.61,0.54,0.5,1
"622","male","group B","university","free/reduced","none",0.62,0.63,0.56,0.6,1
"623","male","group C","no_university","free/reduced","completed",0.58,0.51,0.52,0.54,1
"624","male","group A","university","standard","completed",1,0.96,0.86,0.94,1
"625","female","group E","university","free/reduced","none",0.61,0.58,0.62,0.6,1
"626","male","group D","university","standard","completed",1,0.97,0.99,0.99,1
"627","male","group B","university","free/reduced","completed",0.69,0.7,0.63,0.67,1
"628","male","group D","university","standard","none",0.61,0.48,0.46,0.52,1
"629","male","group D","university","free/reduced","none",0.49,0.57,0.46,0.51,1
"630","female","group C","no_university","standard","completed",0.44,0.51,0.55,0.5,1
"631","male","group D","university","standard","none",0.67,0.64,0.7,0.67,1
"632","male","group B","no_university","standard","none",0.79,0.6,0.65,0.68,1
"633","female","group B","university","standard","completed",0.66,0.74,0.81,0.74,1
"634","female","group C","no_university","standard","none",0.75,0.88,0.85,0.83,1
"635","male","group D","no_university","standard","none",0.84,0.84,0.8,0.83,1
"636","male","group A","no_university","standard","none",0.71,0.74,0.64,0.7,1
"637","female","group B","no_university","free/reduced","completed",0.67,0.8,0.81,0.76,1
"638","female","group D","no_university","standard","completed",0.8,0.92,0.88,0.87,1
"639","male","group E","university","standard","none",0.86,0.76,0.74,0.79,1
"640","female","group D","university","standard","none",0.76,0.74,0.73,0.74,1
"641","male","group D","no_university","standard","none",0.41,0.52,0.51,0.48,0
"642","female","group D","university","free/reduced","completed",0.74,0.88,0.9,0.84,1
"643","female","group B","no_university","free/reduced","none",0.72,0.81,0.79,0.77,1
"644","female","group E","no_university","standard","completed",0.74,0.79,0.8,0.78,1
"645","male","group B","no_university","standard","none",0.7,0.65,0.6,0.65,1
"646","female","group B","university","standard","completed",0.65,0.81,0.81,0.76,1
"647","female","group D","university","standard","none",0.59,0.7,0.65,0.65,1
"648","female","group E","no_university","free/reduced","none",0.64,0.62,0.68,0.65,1
"649","female","group B","no_university","standard","none",0.5,0.53,0.55,0.53,1
"650","female","group D","university","standard","completed",0.69,0.79,0.81,0.76,1
"651","male","group C","no_university","free/reduced","completed",0.51,0.56,0.53,0.53,1
"652","female","group A","no_university","standard","completed",0.68,0.8,0.76,0.75,1
"653","female","group D","university","standard","completed",0.85,0.86,0.98,0.9,1
"654","female","group A","university","standard","completed",0.65,0.7,0.74,0.7,1
"655","female","group B","no_university","standard","none",0.73,0.79,0.79,0.77,1
"656","female","group B","university","standard","none",0.62,0.67,0.67,0.65,1
"657","male","group C","university","free/reduced","none",0.77,0.67,0.64,0.69,1
"658","male","group D","no_university","standard","none",0.69,0.66,0.61,0.65,1
"659","female","group D","university","free/reduced","none",0.43,0.6,0.58,0.54,1
"660","male","group D","university","standard","none",0.9,0.87,0.85,0.87,1
"661","male","group C","university","free/reduced","none",0.74,0.77,0.73,0.75,1
"662","male","group C","no_university","standard","none",0.73,0.66,0.63,0.67,1
"663","female","group D","university","free/reduced","none",0.55,0.71,0.69,0.65,1
"664","female","group C","no_university","standard","none",0.65,0.69,0.67,0.67,1
"665","male","group D","university","standard","none",0.8,0.63,0.63,0.69,1
"666","female","group C","no_university","free/reduced","completed",0.5,0.6,0.6,0.57,1
"667","female","group C","university","free/reduced","completed",0.63,0.73,0.71,0.69,1
"668","female","group B","university","free/reduced","none",0.77,0.85,0.87,0.83,1
"669","male","group C","university","standard","none",0.73,0.74,0.61,0.69,1
"670","male","group D","university","standard","completed",0.81,0.72,0.77,0.77,1
"671","female","group C","no_university","free/reduced","none",0.66,0.76,0.68,0.7,1
"672","male","group D","university","free/reduced","none",0.52,0.57,0.5,0.53,1
"673","female","group C","university","standard","none",0.69,0.78,0.76,0.74,1
"674","female","group C","university","standard","completed",0.65,0.84,0.84,0.78,1
"675","female","group D","no_university","standard","completed",0.69,0.77,0.78,0.75,1
"676","female","group B","university","standard","completed",0.5,0.64,0.66,0.6,1
"677","female","group E","university","standard","completed",0.73,0.78,0.76,0.76,1
"678","female","group C","no_university","standard","completed",0.7,0.82,0.76,0.76,1
"679","male","group D","university","free/reduced","none",0.81,0.75,0.78,0.78,1
"680","male","group D","university","free/reduced","none",0.63,0.61,0.6,0.61,1
"681","female","group D","no_university","standard","none",0.67,0.72,0.74,0.71,1
"682","male","group B","no_university","standard","none",0.6,0.68,0.6,0.63,1
"683","male","group B","no_university","standard","none",0.62,0.55,0.54,0.57,1
"684","female","group C","no_university","free/reduced","completed",0.29,0.4,0.44,0.38,0
"685","male","group B","university","standard","completed",0.62,0.66,0.68,0.65,1
"686","female","group E","university","standard","completed",0.94,0.99,1,0.98,1
"687","male","group E","university","standard","completed",0.85,0.75,0.68,0.76,1
"688","male","group D","university","free/reduced","none",0.77,0.78,0.73,0.76,1
"689","male","group A","no_university","free/reduced","none",0.53,0.58,0.44,0.52,1
"690","male","group E","university","free/reduced","none",0.93,0.9,0.83,0.89,1
"691","female","group C","university","standard","none",0.49,0.53,0.53,0.52,1
"692","female","group E","university","free/reduced","none",0.73,0.76,0.78,0.76,1
"693","female","group C","university","free/reduced","completed",0.66,0.74,0.81,0.74,1
"694","female","group D","university","standard","none",0.77,0.77,0.73,0.76,1
"695","female","group C","no_university","standard","none",0.49,0.63,0.56,0.56,1
"696","female","group D","university","free/reduced","none",0.79,0.89,0.86,0.85,1
"697","female","group C","university","standard","completed",0.75,0.82,0.9,0.82,1
"698","female","group A","university","standard","none",0.59,0.72,0.7,0.67,1
"699","female","group D","university","standard","completed",0.57,0.78,0.79,0.71,1
"700","male","group C","no_university","free/reduced","none",0.66,0.66,0.59,0.64,1
"701","female","group E","university","standard","completed",0.79,0.81,0.82,0.81,1
"702","female","group B","no_university","standard","none",0.57,0.67,0.72,0.65,1
"703","male","group A","university","standard","completed",0.87,0.84,0.87,0.86,1
"704","female","group D","university","standard","none",0.63,0.64,0.67,0.65,1
"705","female","group B","no_university","free/reduced","completed",0.59,0.63,0.64,0.62,1
"706","male","group A","university","free/reduced","none",0.62,0.72,0.65,0.66,1
"707","male","group D","no_university","standard","none",0.46,0.34,0.36,0.39,0
"708","male","group C","university","standard","none",0.66,0.59,0.52,0.59,1
"709","male","group D","no_university","standard","none",0.89,0.87,0.79,0.85,1
"710","female","group D","university","free/reduced","completed",0.42,0.61,0.58,0.54,1
"711","male","group C","university","standard","completed",0.93,0.84,0.9,0.89,1
"712","female","group E","no_university","standard","completed",0.8,0.85,0.85,0.83,1
"713","female","group D","university","standard","none",0.98,1,0.99,0.99,1
"714","male","group D","university","standard","none",0.81,0.81,0.84,0.82,1
"715","female","group B","no_university","standard","completed",0.6,0.7,0.74,0.68,1
"716","female","group B","university","free/reduced","completed",0.76,0.94,0.87,0.86,1
"717","male","group C","university","standard","completed",0.73,0.78,0.72,0.74,1
"718","female","group C","university","standard","completed",0.96,0.96,0.99,0.97,1
"719","female","group C","no_university","standard","none",0.76,0.76,0.74,0.75,1
"720","male","group E","university","free/reduced","completed",0.91,0.73,0.8,0.81,1
"721","female","group C","university","free/reduced","none",0.62,0.72,0.7,0.68,1
"722","male","group D","no_university","free/reduced","completed",0.55,0.59,0.59,0.58,1
"723","female","group B","no_university","free/reduced","completed",0.74,0.9,0.88,0.84,1
"724","male","group C","no_university","standard","none",0.5,0.48,0.42,0.47,0
"725","male","group B","university","standard","none",0.47,0.43,0.41,0.44,0
"726","male","group E","university","standard","completed",0.81,0.74,0.71,0.75,1
"727","female","group E","university","standard","completed",0.65,0.75,0.77,0.72,1
"728","male","group E","no_university","standard","completed",0.68,0.51,0.57,0.59,1
"729","female","group D","no_university","free/reduced","none",0.73,0.92,0.84,0.83,1
"730","male","group C","university","standard","none",0.53,0.39,0.37,0.43,0
"731","female","group B","university","free/reduced","completed",0.68,0.77,0.8,0.75,1
"732","male","group A","no_university","free/reduced","none",0.55,0.46,0.43,0.48,0
"733","female","group C","university","standard","completed",0.87,0.89,0.94,0.9,1
"734","male","group D","no_university","standard","none",0.55,0.47,0.44,0.49,0
"735","female","group E","university","free/reduced","none",0.53,0.58,0.57,0.56,1
"736","male","group C","university","standard","none",0.67,0.57,0.59,0.61,1
"737","male","group C","university","standard","none",0.92,0.79,0.84,0.85,1
"738","female","group B","university","free/reduced","completed",0.53,0.66,0.73,0.64,1
"739","male","group D","university","standard","none",0.81,0.71,0.73,0.75,1
"740","male","group C","no_university","free/reduced","none",0.61,0.6,0.55,0.59,1
"741","male","group D","university","standard","none",0.8,0.73,0.72,0.75,1
"742","female","group A","university","free/reduced","none",0.37,0.57,0.56,0.5,1
"743","female","group C","no_university","standard","none",0.81,0.84,0.82,0.82,1
"744","female","group C","university","standard","completed",0.59,0.73,0.72,0.68,1
"745","male","group B","university","free/reduced","none",0.55,0.55,0.47,0.52,1
"746","male","group D","university","standard","none",0.72,0.79,0.74,0.75,1
"747","male","group D","no_university","standard","none",0.69,0.75,0.71,0.72,1
"748","male","group C","university","standard","none",0.69,0.64,0.68,0.67,1
"749","female","group C","university","free/reduced","none",0.5,0.6,0.59,0.56,1
"750","male","group B","university","standard","completed",0.87,0.84,0.86,0.86,1
"751","male","group D","no_university","standard","completed",0.71,0.69,0.68,0.69,1
"752","male","group E","university","standard","none",0.68,0.72,0.65,0.68,1
"753","male","group C","university","free/reduced","completed",0.79,0.77,0.75,0.77,1
"754","female","group C","no_university","standard","completed",0.77,0.9,0.85,0.84,1
"755","male","group C","university","free/reduced","none",0.58,0.55,0.53,0.55,1
"756","female","group E","university","standard","none",0.84,0.95,0.92,0.9,1
"757","male","group D","university","standard","none",0.55,0.58,0.52,0.55,1
"758","male","group E","university","free/reduced","completed",0.7,0.68,0.72,0.7,1
"759","female","group D","university","free/reduced","completed",0.52,0.59,0.65,0.59,1
"760","male","group B","university","standard","completed",0.69,0.77,0.77,0.74,1
"761","female","group C","no_university","free/reduced","none",0.53,0.72,0.64,0.63,1
"762","female","group D","no_university","standard","none",0.48,0.58,0.54,0.53,1
"763","male","group D","no_university","standard","completed",0.78,0.81,0.86,0.82,1
"764","female","group B","no_university","standard","none",0.62,0.62,0.63,0.62,1
"765","male","group D","university","standard","none",0.6,0.63,0.59,0.61,1
"766","female","group B","no_university","standard","none",0.74,0.72,0.72,0.73,1
"767","female","group C","no_university","standard","completed",0.58,0.75,0.77,0.7,1
"768","male","group B","no_university","standard","completed",0.76,0.62,0.6,0.66,1
"769","female","group D","no_university","standard","none",0.68,0.71,0.75,0.71,1
"770","male","group A","university","free/reduced","none",0.58,0.6,0.57,0.58,1
"771","male","group B","no_university","standard","none",0.52,0.48,0.49,0.5,0
"772","male","group D","university","standard","none",0.75,0.73,0.74,0.74,1
"773","female","group B","no_university","free/reduced","completed",0.52,0.67,0.72,0.64,1
"774","female","group C","university","free/reduced","none",0.62,0.78,0.79,0.73,1
"775","male","group B","university","standard","none",0.66,0.65,0.6,0.64,1
"776","female","group B","no_university","free/reduced","none",0.49,0.58,0.55,0.54,1
"777","female","group B","no_university","standard","none",0.66,0.72,0.7,0.69,1
"778","female","group C","university","free/reduced","none",0.35,0.44,0.43,0.41,0
"779","female","group A","university","standard","completed",0.72,0.79,0.82,0.78,1
"780","male","group E","university","standard","completed",0.94,0.85,0.82,0.87,1
"781","female","group D","university","free/reduced","none",0.46,0.56,0.57,0.53,1
"782","female","group B","university","standard","none",0.77,0.9,0.84,0.84,1
"783","female","group B","no_university","free/reduced","completed",0.76,0.85,0.82,0.81,1
"784","female","group C","university","standard","completed",0.52,0.59,0.62,0.58,1
"785","male","group C","university","standard","completed",0.91,0.81,0.79,0.84,1
"786","female","group B","no_university","standard","completed",0.32,0.51,0.44,0.42,0
"787","female","group E","no_university","free/reduced","none",0.72,0.79,0.77,0.76,1
"788","female","group B","university","standard","none",0.19,0.38,0.32,0.3,0
"789","male","group C","university","free/reduced","none",0.68,0.65,0.61,0.65,1
"790","female","group C","university","free/reduced","none",0.52,0.65,0.61,0.59,1
"791","female","group B","no_university","standard","none",0.48,0.62,0.6,0.57,1
"792","female","group D","university","free/reduced","none",0.6,0.66,0.7,0.65,1
"793","male","group D","no_university","free/reduced","none",0.66,0.74,0.69,0.7,1
"794","male","group E","no_university","standard","completed",0.89,0.84,0.77,0.83,1
"795","female","group B","no_university","standard","none",0.42,0.52,0.51,0.48,0
"796","female","group E","university","free/reduced","completed",0.57,0.68,0.73,0.66,1
"797","male","group D","no_university","standard","none",0.7,0.7,0.7,0.7,1
"798","female","group E","university","free/reduced","none",0.7,0.84,0.81,0.78,1
"799","male","group E","university","standard","none",0.69,0.6,0.54,0.61,1
"800","female","group C","university","standard","none",0.52,0.55,0.57,0.55,1
"801","male","group C","no_university","standard","completed",0.67,0.73,0.68,0.69,1
"802","male","group C","no_university","standard","completed",0.76,0.8,0.73,0.76,1
"803","female","group E","university","standard","none",0.87,0.94,0.95,0.92,1
"804","female","group B","university","standard","none",0.82,0.85,0.87,0.85,1
"805","female","group C","university","standard","none",0.73,0.76,0.78,0.76,1
"806","male","group A","university","free/reduced","none",0.75,0.81,0.74,0.77,1
"807","female","group D","university","free/reduced","none",0.64,0.74,0.75,0.71,1
"808","female","group E","no_university","free/reduced","none",0.41,0.45,0.4,0.42,0
"809","male","group C","no_university","standard","none",0.9,0.75,0.69,0.78,1
"810","male","group B","university","standard","none",0.59,0.54,0.51,0.55,1
"811","male","group A","no_university","standard","none",0.51,0.31,0.36,0.39,0
"812","male","group A","no_university","free/reduced","none",0.45,0.47,0.49,0.47,0
"813","female","group C","university","standard","completed",0.54,0.64,0.67,0.62,1
"814","male","group E","no_university","standard","completed",0.87,0.84,0.76,0.82,1
"815","female","group C","no_university","standard","none",0.72,0.8,0.83,0.78,1
"816","male","group B","no_university","standard","completed",0.94,0.86,0.87,0.89,1
"817","female","group A","university","standard","none",0.45,0.59,0.64,0.56,1
"818","male","group D","university","free/reduced","completed",0.61,0.7,0.76,0.69,1
"819","female","group B","no_university","free/reduced","none",0.6,0.72,0.68,0.67,1
"820","female","group C","no_university","standard","none",0.77,0.91,0.88,0.85,1
"821","female","group A","no_university","standard","completed",0.85,0.9,0.92,0.89,1
"822","female","group D","university","free/reduced","none",0.78,0.9,0.93,0.87,1
"823","male","group E","university","free/reduced","completed",0.49,0.52,0.51,0.51,1
"824","female","group B","no_university","free/reduced","none",0.71,0.87,0.82,0.8,1
"825","female","group C","no_university","free/reduced","none",0.48,0.58,0.52,0.53,1
"826","male","group C","no_university","standard","none",0.62,0.67,0.58,0.62,1
"827","female","group C","university","free/reduced","completed",0.56,0.68,0.7,0.65,1
"828","female","group C","no_university","standard","none",0.65,0.69,0.76,0.7,1
"829","female","group D","no_university","free/reduced","completed",0.69,0.86,0.81,0.79,1
"830","male","group B","no_university","standard","none",0.68,0.54,0.53,0.58,1
"831","female","group A","university","free/reduced","none",0.61,0.6,0.57,0.59,1
"832","female","group C","university","free/reduced","completed",0.74,0.86,0.89,0.83,1
"833","male","group A","university","standard","none",0.64,0.6,0.58,0.61,1
"834","female","group B","no_university","standard","completed",0.77,0.82,0.89,0.83,1
"835","male","group B","university","standard","none",0.58,0.5,0.45,0.51,1
"836","female","group C","no_university","standard","completed",0.6,0.64,0.74,0.66,1
"837","male","group E","no_university","standard","none",0.73,0.64,0.57,0.65,1
"838","female","group A","no_university","standard","completed",0.75,0.82,0.79,0.79,1
"839","male","group B","university","free/reduced","completed",0.58,0.57,0.53,0.56,1
"840","female","group C","university","standard","none",0.66,0.77,0.73,0.72,1
"841","female","group D","no_university","free/reduced","none",0.39,0.52,0.46,0.46,0
"842","male","group C","no_university","standard","none",0.64,0.58,0.51,0.58,1
"843","female","group B","no_university","free/reduced","completed",0.23,0.44,0.36,0.34,0
"844","male","group B","university","free/reduced","completed",0.74,0.77,0.76,0.76,1
"845","female","group D","no_university","free/reduced","completed",0.4,0.65,0.64,0.56,1
"846","male","group E","university","standard","none",0.9,0.85,0.84,0.86,1
"847","male","group C","university","standard","completed",0.91,0.85,0.85,0.87,1
"848","male","group D","no_university","standard","none",0.64,0.54,0.5,0.56,1
"849","female","group C","no_university","standard","none",0.59,0.72,0.68,0.66,1
"850","male","group D","university","standard","none",0.8,0.75,0.69,0.75,1
"851","male","group C","university","standard","none",0.71,0.67,0.67,0.68,1
"852","female","group A","no_university","standard","none",0.61,0.68,0.63,0.64,1
"853","female","group E","university","standard","none",0.87,0.85,0.93,0.88,1
"854","male","group E","no_university","standard","none",0.82,0.67,0.61,0.7,1
"855","male","group C","no_university","standard","none",0.62,0.64,0.55,0.6,1
"856","female","group B","university","standard","none",0.97,0.97,0.96,0.97,1
"857","male","group B","university","free/reduced","none",0.75,0.68,0.65,0.69,1
"858","female","group C","university","standard","none",0.65,0.79,0.81,0.75,1
"859","male","group B","no_university","standard","completed",0.52,0.49,0.46,0.49,0
"860","male","group C","university","free/reduced","none",0.87,0.73,0.72,0.77,1
"861","female","group C","university","standard","none",0.53,0.62,0.53,0.56,1
"862","female","group E","university","free/reduced","none",0.81,0.86,0.87,0.85,1
"863","male","group D","university","free/reduced","completed",0.39,0.42,0.38,0.4,0
"864","female","group C","university","standard","completed",0.71,0.71,0.8,0.74,1
"865","male","group C","university","standard","none",0.97,0.93,0.91,0.94,1
"866","male","group D","university","standard","completed",0.82,0.82,0.88,0.84,1
"867","male","group C","no_university","free/reduced","none",0.59,0.53,0.52,0.55,1
"868","male","group B","university","standard","none",0.61,0.42,0.41,0.48,0
"869","male","group E","university","free/reduced","completed",0.78,0.74,0.72,0.75,1
"870","male","group C","university","free/reduced","none",0.49,0.51,0.51,0.5,1
"871","male","group B","no_university","standard","none",0.59,0.58,0.47,0.55,1
"872","female","group C","university","standard","completed",0.7,0.72,0.76,0.73,1
"873","male","group B","university","standard","completed",0.82,0.84,0.78,0.81,1
"874","male","group E","university","free/reduced","none",0.9,0.9,0.82,0.87,1
"875","female","group C","university","free/reduced","none",0.43,0.62,0.61,0.55,1
"876","male","group C","university","free/reduced","none",0.8,0.64,0.66,0.7,1
"877","male","group D","university","standard","none",0.81,0.82,0.84,0.82,1
"878","male","group C","no_university","standard","none",0.57,0.61,0.54,0.57,1
"879","female","group D","no_university","standard","none",0.59,0.72,0.8,0.7,1
"880","female","group D","university","standard","none",0.64,0.76,0.74,0.71,1
"881","male","group C","university","standard","completed",0.63,0.64,0.66,0.64,1
"882","female","group E","university","standard","completed",0.71,0.7,0.7,0.7,1
"883","female","group B","no_university","free/reduced","none",0.64,0.73,0.71,0.69,1
"884","male","group D","university","free/reduced","none",0.55,0.46,0.44,0.48,0
"885","female","group E","university","standard","none",0.51,0.51,0.54,0.52,1
"886","female","group C","university","standard","completed",0.62,0.76,0.8,0.73,1
"887","female","group E","university","standard","completed",0.93,1,0.95,0.96,1
"888","male","group C","no_university","free/reduced","none",0.54,0.72,0.59,0.62,1
"889","female","group D","university","free/reduced","none",0.69,0.65,0.74,0.69,1
"890","male","group D","no_university","free/reduced","none",0.44,0.51,0.48,0.48,0
"891","female","group E","university","standard","completed",0.86,0.85,0.91,0.87,1
"892","female","group E","university","standard","none",0.85,0.92,0.85,0.87,1
"893","female","group A","university","free/reduced","none",0.5,0.67,0.73,0.63,1
"894","male","group D","no_university","standard","completed",0.88,0.74,0.75,0.79,1
"895","female","group E","university","standard","none",0.59,0.62,0.69,0.63,1
"896","female","group E","no_university","free/reduced","none",0.32,0.34,0.38,0.35,0
"897","male","group B","no_university","free/reduced","none",0.36,0.29,0.27,0.31,0
"898","female","group B","no_university","free/reduced","completed",0.63,0.78,0.79,0.73,1
"899","male","group D","university","standard","completed",0.67,0.54,0.63,0.61,1
"900","female","group D","no_university","standard","completed",0.65,0.78,0.82,0.75,1
"901","male","group D","university","standard","none",0.85,0.84,0.89,0.86,1
"902","female","group C","university","standard","none",0.73,0.78,0.74,0.75,1
"903","female","group A","no_university","free/reduced","completed",0.34,0.48,0.41,0.41,0
"904","female","group D","university","free/reduced","completed",0.93,1,1,0.98,1
"905","female","group D","no_university","free/reduced","none",0.67,0.84,0.84,0.78,1
"906","male","group D","university","standard","none",0.88,0.77,0.77,0.81,1
"907","male","group B","no_university","standard","none",0.57,0.48,0.51,0.52,1
"908","female","group D","university","standard","completed",0.79,0.84,0.91,0.85,1
"909","female","group C","university","free/reduced","none",0.67,0.75,0.72,0.71,1
"910","male","group E","university","standard","completed",0.7,0.64,0.7,0.68,1
"911","male","group D","university","free/reduced","none",0.5,0.42,0.48,0.47,0
"912","female","group A","university","standard","none",0.69,0.84,0.82,0.78,1
"913","female","group C","university","standard","completed",0.52,0.61,0.66,0.6,1
"914","female","group C","university","free/reduced","completed",0.47,0.62,0.66,0.58,1
"915","female","group B","university","free/reduced","none",0.46,0.61,0.55,0.54,1
"916","female","group E","university","standard","none",0.68,0.7,0.66,0.68,1
"917","male","group E","university","standard","completed",1,1,1,1,1
"918","female","group C","no_university","standard","none",0.44,0.61,0.52,0.52,1
"919","female","group C","university","standard","completed",0.57,0.77,0.8,0.71,1
"920","male","group B","university","standard","completed",0.91,0.96,0.91,0.93,1
"921","male","group D","no_university","free/reduced","none",0.69,0.7,0.67,0.69,1
"922","female","group C","no_university","free/reduced","none",0.35,0.53,0.46,0.45,0
"923","male","group D","no_university","standard","none",0.72,0.66,0.66,0.68,1
"924","female","group B","university","free/reduced","none",0.54,0.65,0.65,0.61,1
"925","male","group D","no_university","free/reduced","none",0.74,0.7,0.69,0.71,1
"926","male","group E","no_university","standard","completed",0.74,0.64,0.6,0.66,1
"927","male","group E","university","free/reduced","none",0.64,0.56,0.52,0.57,1
"928","female","group D","no_university","free/reduced","completed",0.65,0.61,0.71,0.66,1
"929","male","group E","university","free/reduced","completed",0.46,0.43,0.44,0.44,0
"930","female","group C","no_university","free/reduced","none",0.48,0.56,0.51,0.52,1
"931","male","group C","university","free/reduced","completed",0.67,0.74,0.7,0.7,1
"932","male","group D","university","free/reduced","none",0.62,0.57,0.62,0.6,1
"933","male","group D","university","free/reduced","completed",0.61,0.71,0.73,0.68,1
"934","male","group C","university","free/reduced","completed",0.7,0.75,0.74,0.73,1
"935","male","group C","university","standard","completed",0.98,0.87,0.9,0.92,1
"936","male","group D","university","free/reduced","none",0.7,0.63,0.58,0.64,1
"937","male","group A","university","standard","none",0.67,0.57,0.53,0.59,1
"938","female","group E","no_university","free/reduced","none",0.57,0.58,0.57,0.57,1
"939","male","group D","university","standard","completed",0.85,0.81,0.85,0.84,1
"940","male","group D","no_university","standard","completed",0.77,0.68,0.69,0.71,1
"941","male","group C","university","free/reduced","completed",0.72,0.66,0.72,0.7,1
"942","female","group D","university","standard","none",0.78,0.91,0.96,0.88,1
"943","male","group C","no_university","standard","none",0.81,0.66,0.64,0.7,1
"944","male","group A","no_university","free/reduced","completed",0.61,0.62,0.61,0.61,1
"945","female","group B","no_university","standard","none",0.58,0.68,0.61,0.62,1
"946","female","group C","university","standard","none",0.54,0.61,0.58,0.58,1
"947","male","group B","no_university","standard","none",0.82,0.82,0.8,0.81,1
"948","female","group D","university","free/reduced","none",0.49,0.58,0.6,0.56,1
"949","male","group B","no_university","free/reduced","completed",0.49,0.5,0.52,0.5,1
"950","female","group E","no_university","free/reduced","completed",0.57,0.75,0.73,0.68,1
"951","male","group E","no_university","standard","none",0.94,0.73,0.71,0.79,1
"952","female","group D","university","standard","completed",0.75,0.77,0.83,0.78,1
"953","female","group E","no_university","free/reduced","none",0.74,0.74,0.72,0.73,1
"954","male","group C","no_university","standard","completed",0.58,0.52,0.54,0.55,1
"955","female","group C","university","standard","none",0.62,0.69,0.69,0.67,1
"956","male","group E","university","standard","none",0.72,0.57,0.62,0.64,1
"957","male","group C","university","standard","none",0.84,0.87,0.81,0.84,1
"958","female","group D","university","standard","none",0.92,1,1,0.97,1
"959","female","group D","no_university","standard","none",0.45,0.63,0.59,0.56,1
"960","male","group C","no_university","standard","none",0.75,0.81,0.71,0.76,1
"961","female","group A","university","standard","none",0.56,0.58,0.64,0.59,1
"962","female","group D","no_university","free/reduced","none",0.48,0.54,0.53,0.52,1
"963","female","group E","university","standard","none",1,1,1,1,1
"964","female","group C","no_university","free/reduced","completed",0.65,0.76,0.75,0.72,1
"965","male","group D","university","standard","none",0.72,0.57,0.58,0.62,1
"966","female","group D","university","standard","none",0.62,0.7,0.72,0.68,1
"967","male","group A","no_university","standard","completed",0.66,0.68,0.64,0.66,1
"968","male","group C","university","standard","none",0.63,0.63,0.6,0.62,1
"969","female","group E","university","standard","none",0.68,0.76,0.67,0.7,1
"970","female","group B","university","standard","none",0.75,0.84,0.8,0.8,1
"971","female","group D","university","standard","none",0.89,1,1,0.96,1
"972","male","group C","no_university","standard","completed",0.78,0.72,0.69,0.73,1
"973","female","group A","no_university","free/reduced","completed",0.53,0.5,0.6,0.54,1
"974","female","group D","university","free/reduced","none",0.49,0.65,0.61,0.58,1
"975","female","group A","university","standard","none",0.54,0.63,0.67,0.61,1
"976","female","group C","university","standard","completed",0.64,0.82,0.77,0.74,1
"977","male","group B","university","free/reduced","completed",0.6,0.62,0.6,0.61,1
"978","male","group C","university","standard","none",0.62,0.65,0.58,0.62,1
"979","male","group D","no_university","standard","completed",0.55,0.41,0.48,0.48,0
"980","female","group C","university","standard","none",0.91,0.95,0.94,0.93,1
"981","female","group B","no_university","free/reduced","none",0.08,0.24,0.23,0.18,0
"982","male","group D","no_university","standard","none",0.81,0.78,0.78,0.79,1
"983","male","group B","no_university","standard","completed",0.79,0.85,0.86,0.83,1
"984","female","group A","university","standard","completed",0.78,0.87,0.91,0.85,1
"985","female","group C","no_university","standard","none",0.74,0.75,0.82,0.77,1
"986","male","group A","no_university","standard","none",0.57,0.51,0.54,0.54,1
"987","female","group C","university","standard","none",0.4,0.59,0.51,0.5,1
"988","male","group E","no_university","standard","completed",0.81,0.75,0.76,0.77,1
"989","female","group A","no_university","free/reduced","none",0.44,0.45,0.45,0.45,0
"990","female","group D","university","free/reduced","completed",0.67,0.86,0.83,0.79,1
"991","male","group E","no_university","free/reduced","completed",0.86,0.81,0.75,0.81,1
"992","female","group B","no_university","standard","completed",0.65,0.82,0.78,0.75,1
"993","female","group D","university","free/reduced","none",0.55,0.76,0.76,0.69,1
"994","female","group D","university","free/reduced","none",0.62,0.72,0.74,0.69,1
"995","male","group A","no_university","standard","none",0.63,0.63,0.62,0.63,1
"996","female","group E","university","standard","completed",0.88,0.99,0.95,0.94,1
"997","male","group C","no_university","free/reduced","none",0.62,0.55,0.55,0.57,1
"998","female","group C","no_university","free/reduced","completed",0.59,0.71,0.65,0.65,1
"999","female","group D","university","standard","completed",0.68,0.78,0.77,0.74,1
"1000","female","group D","university","free/reduced","none",0.77,0.86,0.86,0.83,1
